{
  "current": {
    "customer_layout": "theme",
    "logo_slogan": "The biggest choice on the web",
    "base_font_custom_code": "<link href='\/\/fonts.googleapis.com\/css?family=Roboto:400,100,300,500,700,900' rel='stylesheet' type='text\/css'>",
    "base_font_custom_family": "Roboto",
    "regular_font_size": "12px",
    "font_color": "#282828",
    "heading_font_custom_code": "<link href='\/\/fonts.googleapis.com\/css?family=Roboto:400,100,300,500,700,900' rel='stylesheet' type='text\/css'>",
    "heading_font_custom_family": "Roboto",
    "heading_font_size": "23px",
    "heading_font_color": "#fd0b0a",
    "link_color": "#3a3a3a",
    "link_color_act": "#fd0b0a",
    "product_name_font_size": "13px",
    "product_name_color": "#3a3a3a",
    "product_name_color_act": "#fd0b0a",
    "product_desc_font_size": "13px",
    "product_desc_color": "#282828",
    "product_price_color": "#fd0b0a",
    "homepage_products_count": "6",
    "collection_listing_count": "6",
    "body_bg_color": "#f3f3f3",
    "border_color": "#d9d9d9",
    "color_1": "#ffffff",
    "color_2": "#282828",
    "color_3": "#fd0b0a",
    "color_4": "#5d6062",
    "color_5": "#b3b3b3",
    "color_6": "#ae0201",
    "color_7": "#676b6f",
    "color_8": "#e84140",
    "color_9": "#5a5d5f",
    "color_10": "",
    "gradient1_top": "#2d3237",
    "gradient1_bottom": "#f3f3f3",
    "gradient2_top": "#2b3035",
    "gradient2_bottom": "#1d2024",
    "gradient3_top": "#f1f1f1",
    "gradient3_bottom": "#e3e3e3",
    "gradient4_top": "#d10100",
    "gradient4_bottom": "#b70100",
    "gradient5_top": "#ffffff",
    "gradient5_bottom": "#e2e2e2",
    "gradient6_top": "#9b0100",
    "gradient6_bottom": "#b60100",
    "gradient7_top": "#353b41",
    "gradient7_bottom": "#1b1e21",
    "gradient8_top": "",
    "gradient8_bottom": "",
    "gradient9_top": "",
    "gradient9_bottom": "",
    "gradient10_top": "",
    "gradient10_bottom": "",
    "supported_currencies": "USD EUR GBP",
    "default_currency": "USD",
    "slide1_link": "\/collections\/audio-video",
    "slide1_caption1": "Mac Book Air",
    "slide1_caption2-1": "Lorem ipsum dolor sit amet",
    "slide1_caption2-2": "Conse ctetur adipisicing",
    "slide1_caption2-3": "Elit sed do eiusmod tempor",
    "slide1_caption2-4": "Ncididunt ut labore",
    "slide1_caption2-5": "Et dolore magn",
    "slide1_caption2-6": "Magna ctetur adipisicing",
    "slide1_caption3": "Shop now!",
    "slide1_caption4": "Old price: $979.96",
    "slide1_caption5": "$889.96",
    "slide2_link": "\/collections\/irons",
    "slide2_caption1": "Samsung Smart TV",
    "slide2_caption2-1": "Lorem ipsum dolor sit amet",
    "slide2_caption2-2": "Conse ctetur adipisicing",
    "slide2_caption2-3": "Elit sed do eiusmod tempor",
    "slide2_caption2-4": "Ncididunt ut labore",
    "slide2_caption2-5": "Et dolore magn",
    "slide2_caption2-6": "Magna ctetur adipisicing",
    "slide2_caption3": "Shop now!",
    "slide2_caption4": "Old price: $679.96",
    "slide2_caption5": "$545.83",
    "slide3_link": "\/collections\/cameras-camcorders",
    "slide3_caption1": "Nokia Lumia 1520",
    "slide3_caption2-1": "Lorem ipsum dolor sit amet",
    "slide3_caption2-2": "Conse ctetur adipisicing",
    "slide3_caption2-3": "Elit sed do eiusmod tempor",
    "slide3_caption2-4": "Ncididunt ut labore",
    "slide3_caption2-5": "Et dolore magn",
    "slide3_caption2-6": "Magna ctetur adipisicing",
    "slide3_caption3": "Shop now!",
    "slide3_caption4": "Old price: $475.76",
    "slide3_caption5": "$289.96",
    "slide4_link": "",
    "slide4_caption1": "",
    "slide4_caption2-1": "",
    "slide4_caption2-2": "",
    "slide4_caption2-3": "",
    "slide4_caption2-4": "",
    "slide4_caption2-5": "",
    "slide4_caption2-6": "",
    "slide4_caption3": "",
    "slide4_caption4": "",
    "slide4_caption5": "",
    "slide5_link": "",
    "slide5_caption1": "",
    "slide5_caption2-1": "",
    "slide5_caption2-2": "",
    "slide5_caption2-3": "",
    "slide5_caption2-4": "",
    "slide5_caption2-5": "",
    "slide5_caption2-6": "",
    "slide5_caption3": "",
    "slide5_caption4": "",
    "slide5_caption5": "",
    "custom_header1_text1": "(800) 2345-6789",
    "custom_header1_text2": "(800) 2345-6790",
    "custom_showcase1_text1": "TV & Video",
    "custom_showcase1_list_text1": "Lorem ipsum dolor sit amet",
    "custom_showcase1_list_text2": "Conse ctetur adipisicing",
    "custom_showcase1_list_text3": "Elit sed do eiusmod tempor",
    "custom_showcase1_list_text4": "Ncididunt ut labore",
    "custom_showcase1_list_text5": "Et dolore magn",
    "custom_showcase1_list_text6": "",
    "custom_showcase1_link": "",
    "custom_showcase2_text1": "Computing",
    "custom_showcase2_list_text1": "Conse ctetur adipisicing",
    "custom_showcase2_list_text2": "Elit sed do eiusmod tempor",
    "custom_showcase2_list_text3": "Ncididunt ut labore",
    "custom_showcase2_list_text4": "Et dolore magna aliqua",
    "custom_showcase2_list_text5": "Ut enim ad minim veniam",
    "custom_showcase2_list_text6": "",
    "custom_showcase2_link": "",
    "custom_showcase3_text1": "Cameras & Camcorders",
    "custom_showcase3_list_text1": "Et dolore magna aliqua",
    "custom_showcase3_list_text2": "Ut enim ad minim veniam",
    "custom_showcase3_list_text3": "Conse ctetur adipisicing",
    "custom_showcase3_list_text4": "Elit sed do eiusmod tempor",
    "custom_showcase3_list_text5": "Ncididunt ut labore",
    "custom_showcase3_list_text6": "",
    "custom_showcase3_link": "",
    "custom_showcase4_text1": "Kitchen Appliances",
    "custom_showcase4_list_text1": "Elit sed do eiusmod tempor",
    "custom_showcase4_list_text2": "Ncididunt ut labore",
    "custom_showcase4_list_text3": "Et dolore magna aliqua",
    "custom_showcase4_list_text4": "Ut enim ad minim veniam",
    "custom_showcase4_list_text5": "",
    "custom_showcase4_list_text6": "",
    "custom_showcase4_link": "",
    "custom_footer1_title": "Information",
    "custom_footer2_title": "My Account",
    "custom_footer3_title": "Follow us",
    "custom_footer_twitter": "https:\/\/twitter.com\/templatemonster",
    "custom_footer_facebook": "https:\/\/www.facebook.com\/TemplateMonster",
    "custom_footer_youtube": "",
    "custom_footer_instagram": "",
    "custom_footer_pinterest": "",
    "custom_footer_googleplus": "https:\/\/google.com\/+templatemonster",
    "custom_footer_tumblr": "",
    "custom_footer4_title": "Contacts",
    "custom_footer_address": "Company Inc., 8901 Marmora  Road, Glasgow, D04 89GR",
    "custom_footer_phone": "(800) 2345-6789",
    "custom_footer_phone1": "(800) 2345-6790",
    "mailing_list_title": "Newsletter",
    "checkout_banner_background_color": "#fff",
    "checkout_accent_color": "#2a9dcc",
    "checkout_button_color": "#2a9dcc",
    "checkout_call_to_action_color": "#8fc243",
    "mailchimp_form_action": "",
    "mailing_list_tagline": "",
    "base_font_regular_family": "Arial, Helvetica, sans-serif",
    "heading_font_regular_family": "Arial, Helvetica, sans-serif",
    "main_nav": "main-menu",
    "bestsellers_cat": "audio-video",
    "homepage_products": "audio-video",
    "homepage_listing_cols": "3",
    "collection_listing_cols": "3",
    "homepage_listing_image_size": "medium",
    "enable_breadcrumbs": "true",
    "currency_format": "money_format",
    "checkout_logo": "",
    "use_logo": true,
    "show_copyright": true,
    "enable_left_sidebar": true,
    "enable_right_sidebar": false,
    "show_multiple_currencies": true,
    "slider_toggle": true,
    "slider_captions_toggle": true,
    "slide1_toggle": true,
    "slide2_toggle": true,
    "slide3_toggle": true,
    "slide4_toggle": false,
    "slide5_toggle": false,
    "custom_header1_img_toggle": true,
    "custom_showcase1_img_toggle": true,
    "custom_showcase2_img_toggle": true,
    "custom_showcase3_img_toggle": true,
    "custom_showcase4_img_toggle": true,
    "custom_footer5_newsletter": true,
    "show_amex": true,
    "show_discover": true,
    "show_visa": true,
    "show_mastercard": true,
    "show_maestro": true,
    "show_cirrus": true,
    "show_paypal": true,
    "show_google": true,
    "checkout_use_header_image": false,
    "base_font_type": "font_custom",
    "heading_font_type": "font_custom",
    "body_bg_type": "bg_color",
    "custom_footer_company": "Company inc.",
    "custom_footer_email": "mail@mail.com",
    "custom_footer5_title": "Newsletter",
    "custom_showcase1_text2": "",
    "custom_showcase2_text2": "",
    "custom_showcase3_text2": "",
    "custom_showcase4_text2": "",
    "custom_header1_link": "",
    "slide1_caption2": "Caption line 2",
    "slide2_caption2": "",
    "slide3_caption2": "",
    "slide4_caption2": "",
    "slide5_caption2": "",
    "custom_footer5_company": "Company name",
    "custom_footer5_address": "Company address",
    "custom_footer5_phone": "8(066)066-6541",
    "custom_footer5_email": "mail@mail.com",
    "custom_footer2_text1": "",
    "custom_footer2_text2": "",
    "custom_footer2_link": "",
    "custom_footer3_twitter": "",
    "custom_footer3_facebook": "",
    "custom_footer3_youtube": "",
    "custom_footer3_instagram": "",
    "custom_footer3_pinterest": "",
    "custom_footer3_googleplus": "",
    "custom_footer3_tumblr": "",
    "custom_footer4_company": "",
    "custom_footer4_address": "",
    "custom_footer4_phone": "",
    "custom_footer4_email": "",
    "custom_footer1_list": "footer",
    "heading_custom_font_family": "",
    "heading_custom_font_code": "",
    "heading_ffamily_use_custom": "false",
    "heading_font_family": "Arial, Helvetica, sans-serif",
    "regular_font_family": "Arial, Helvetica, sans-serif",
    "custom_header1_toggle": "false",
    "slide1_caption_toggle": "true",
    "slide2_caption_toggle": "true",
    "slide3_caption_toggle": "false",
    "slide4_caption_toggle": "false",
    "slide5_caption_toggle": "false",
    "slider_controlnav_toggle": "true",
    "slider_directnav_toggle": "true",
    "bottom_block_1_list": "main-menu",
    "bottom_block_2_list": "footer",
    "bottom_block_3_list": "footer",
    "regular_line_height": "21px",
    "h1_fsize": "",
    "h1_lheight": "",
    "h2_fsize": "",
    "h2_lheight": "",
    "h3_fsize": "",
    "h3_lheight": "",
    "h4_fsize": "",
    "h4_lheight": "",
    "h5_fsize": "",
    "h5_lheight": "",
    "h6_fsize": "",
    "h6_lheight": "",
    "footer_height": "100px",
    "content_width": "8",
    "left_sidebar_width": "2",
    "right_sidebar_width": "2",
    "collection_listing_image_size": "compact",
    "custom_footer2_list": "my-account",
    "custom_footer3_list": "catalog"
  },
  "presets": {
  }
}